-6.291790450059121520e-01,2.406755281240307853e-01,-1.371163145832920982e-01,1.616875600636054344e-01,-3.278978038130543338e-01,5.139619478795041108e-01,-4.015810590947931774e-02,-4.521049422921216143e-01,5.896062749783741452e-01,-6.572307606100387112e-01,-4.538623403441193194e-01,-3.212456816810589366e-01,-2.249236843708447564e-01,-1.605763895590240076e-01,-5.734640304534061733e-02,9.131875420214456696e-02,3.802632551046657428e-01,4.052369355364245085e-02,-8.809628022676875558e-02,1.656520393235018096e-01,-7.517965959267983167e-02,-1.256224152162208341e-01,-4.164603562298141992e-01,-4.627412050529842169e-01,4.123073099213822035e-01,2.919157478960355268e-01,2.378407550574349882e-01,-1.472380876975861175e-01,-1.126088454472812667e-01,-2.821140679504834936e-01,-3.052936440446646360e-01,-8.243080439897990108e-02,3.040068866088894706e-01,4.967611965143237107e-01,1.752124703522770499e-01,1.167182567368097584e-01,-2.559196302641886800e-01,-2.860024025415420779e-01,3.727019046450810724e-01,-1.980816533916564259e-01,2.689924933523529238e-01,2.385097636095203852e-02,-2.919966399577878513e-01,1.661435078816635991e-01,-5.250440919120772376e-01,2.469841283856994973e-01,3.032638327556519409e-01,3.306445121659411512e-01,-2.704148490107227132e-01,8.913405608572457783e-01
2.965991715471240631e-01,-2.529898666913155680e-01,6.235034159172889862e-02,3.500235434822737690e-01,-3.493485995594391436e-01,1.323994522373412031e-01,-1.561793995018005143e-01,2.993788582658036823e-01,6.701870113104872739e-02,-4.810684417651389655e-01,1.699841416393537696e-01,-1.267127722362491049e-01,3.360716690517669830e-02,3.374147326155493287e-01,-2.280816783951217785e-01,4.379684732088984234e-01,-6.841022650447482756e-02,-4.931286170079477449e-01,-2.379874081966278643e-01,3.809297489459055330e-01,9.273366944342828488e-02,2.800701247174647301e-01,4.302388280082006800e-01,-3.915773060124731753e-02,-3.584109936533080298e-01,-4.311508083100796251e-01,-1.136795890590371928e-02,-3.451359024799043884e-01,-4.609362223009502157e-01,-5.437959326669055127e-01,-3.282046368477192777e-01,4.660599542045248261e-02,-4.404082583110507931e-01,2.695488669273232163e-01,-1.712096312611403603e-01,-4.725607831287342853e-01,4.577317515493696254e-01,-4.198140082567690112e-01,-6.953898818250198524e-03,-1.866399658684261276e-01,-4.865180462380060966e-01,8.697687133910578239e-02,2.487263701801913085e-01,-2.079557749207753548e-01,-4.272722177184710701e-01,8.688506561084510804e-02,1.319847854385717834e-01,-2.633530512349607222e-01,3.903413700153434140e-01,-1.625823061173334028e-01
-3.510300409946364719e-01,-1.726724322469738448e-01,-1.868929538392117840e-01,5.442739448058396823e-01,-8.317151219138470275e-02,-3.731349230607692302e-01,2.575707844828156734e-01,3.722024078964233373e-01,2.773588205393414177e-02,-1.957520564917440697e-01,1.806659932108543032e-01,-2.637283696760945317e-01,3.481949367546487428e-01,9.999336888912423865e-03,-5.194413766534998755e-01,-3.517078915594468724e-01,3.330934266351939232e-01,-2.049633368070744380e-02,4.418133658823255455e-02,-2.529433971182361018e-01,7.114010780332302719e-02,3.248626205353091767e-01,-2.288355815409539584e-01,4.313492336929501403e-01,-3.402292214437985796e-01,-4.088206164810373466e-02,1.286910910655590656e-01,-3.482356790569123284e-01,2.120091307238164413e-01,3.083016006432298117e-01,-4.206622699988124547e-02,-4.190874495969248992e-01,2.751273489210862566e-01,-9.353033527707452222e-02,1.355181370668326890e-01,5.074568489064781307e-01,-4.063660690752425309e-01,-3.216866039108097208e-01,-3.945994829215441757e-01,3.351738097805563310e-01,3.891252873290877989e-01,2.116202150690761619e-02,6.271158362565984468e-02,-2.254158315790185385e-01,-6.997454645561932418e-01,2.653599318150328124e-01,-9.618134862520889838e-02,5.170262962176290777e-01,-2.305601352530252113e-01,2.796310169474845383e-02
-4.298148572062253092e-01,-5.040975946013913529e-03,3.584016475868277429e-01,-4.780827883205141515e-01,2.104914419309379392e-01,-4.247175300975934015e-02,-1.661373765270267866e-01,-9.221099155709880923e-01,-6.306411371449113235e-01,1.594780228258861898e-01,3.979783332040891519e-01,-1.897876111457876824e-01,-2.903275125223255260e-01,3.959208777914576816e-01,-6.848395515798507693e-01,-8.113496884421879107e-01,3.654142945647570473e-01,1.914359132678904729e-01,2.295439233313732730e-01,3.404873282565219483e-01,-7.381503116072039017e-01,5.035274819933253099e-01,-2.995532435084427014e-01,4.934541732999421781e-01,-9.243181560280888664e-01,-4.280706135193164674e-01,5.799605288464501074e-01,3.818070760386949591e-01,-3.749363934286923938e-01,3.719510173004612896e-02,4.837022604970407924e-01,2.009701012131905051e-01,-5.493376985135696167e-01,1.014419562418464871e-01,-1.604118881266602611e-02,-3.324026423832793231e-01,2.488598016463713092e-01,3.450872171957188872e-01,-1.319914952532164759e-02,-4.743500981287353535e-01,1.269130055817030145e-01,-8.176016750708764436e-02,2.359444303257888509e-01,2.261792466177613842e-02,4.046632479503269320e-01,1.238306719019271057e-01,2.327293073526175982e-01,4.290281596285273058e-01,-6.462067359507399633e-01,-4.644229578334322928e-01
-1.958344983930639799e-02,4.992012543960016036e-01,-2.740072985687853069e-01,3.062366283418748725e-01,-1.003837060139830761e+00,3.850876104148099471e-02,-3.219860661311160777e-02,-1.292501750252654513e-01,7.298763350375453429e-01,-5.829574327875477469e-01,5.251082517632843505e-01,5.645570854044881237e-01,3.620496071609911534e-03,-4.548835019459155915e-01,-1.678910787800254323e-01,-3.279356581794580783e-01,2.965872497323097656e-01,8.258042753480313025e-02,-4.443271158334605730e-01,-4.087233388009087753e-01,-3.079625368621004625e-02,-4.004060835445271693e-01,-2.195583191968904502e-01,-1.854478842435209815e-02,-3.080030924649262980e-01,-1.255441778366166439e-01,1.584542154862474406e-01,1.666708178334423973e-01,-3.114495022310585504e-01,-2.563139280671553610e-01,-2.585209946565604766e-01,-1.610656486363787887e-01,1.648493165085973544e-01,-5.508213250972289199e-01,-2.268705946301116105e-01,-4.797386615900332552e-01,2.729712920133114396e-01,-3.736669829488901140e-01,-4.827693518253330374e-01,3.161487297071777225e-01,2.887955803507492036e-01,1.492869452882575332e-01,-4.401037465333316190e-01,-4.650101783779729270e-01,-2.882758350164090766e-01,3.687276565606033563e-01,5.958039868965810948e-01,6.336147113145214060e-01,-4.804614597703605883e-01,3.890987042742427571e-01
-5.256069965754754936e-01,-3.941594785516105981e-01,-5.066389986916577381e-01,3.852618784399774454e-01,-4.134730781456968929e-01,-7.857686966462333611e-02,4.188587188467086109e-01,5.223982213904550947e-02,1.723481469987479531e-01,-9.243720969416421296e-01,2.178806470071318335e-01,-1.310324747602912288e-01,-3.190322876050540324e-01,6.609127798466832293e-02,-2.635498852947813497e-01,-1.386689912739321739e-01,-9.312752055204473467e-02,-1.744877182357270351e-01,2.024018559947019791e-01,3.533969697911842345e-01,-4.722850730008660292e-01,4.188931716679107353e-01,3.887742238877125445e-01,1.440039527810627884e-01,2.720132690718857771e-01,-2.768782057256258256e-01,-4.015136150419457151e-01,-1.206680489645639565e-01,-7.759702464509329878e-02,1.767874153757211311e-02,1.882353261422698987e-01,-2.985135432343117776e-02,-3.403160742562810759e-01,2.006387424373128614e-01,-5.862184000345135870e-02,2.083742024912675073e-01,4.972697294264208923e-01,4.413350297738840022e-01,4.037279142985331082e-01,4.347944493073418459e-01,-2.295745878834447307e-01,-4.781174270432210771e-01,-6.061130805413869060e-01,-1.279127438959572760e-01,3.664934149612101288e-01,1.073100829907722709e-01,-5.061042269528197579e-01,-2.806531212776380291e-01,-1.596899181488344588e-01,1.989156537917880774e-01
5.770384595303278408e-01,-3.244773392474478158e-01,-1.592494546764716412e-01,8.737592104507184709e-01,3.715615602548357765e-01,5.460698708489416520e-01,8.116514179900977122e-02,7.018999145119967364e-01,2.463879853232230910e-01,-1.518429898070955686e-01,-3.979199072027778117e-01,-3.097033930648647182e-01,-6.905110862129512084e-01,3.690901826056959267e-01,7.079463302051730578e-01,3.173416097243693113e-01,3.871334996622644575e-01,1.821961223080875436e-01,3.602648786004365999e-01,-2.857249850492147303e-01,-5.787645490042049312e-01,4.086061224013861626e-01,1.208232122285102517e-01,-1.339061294701260896e-01,-4.525672712602052949e-01,-2.121809115467111206e-01,1.628380975581534551e-01,-3.392695092127428480e-01,-1.531631557355211948e-01,-5.263924242986859348e-01,-7.572963508022663159e-01,-6.605327026113327893e-01,8.803703004763324680e-02,-9.329855080176738813e-01,6.441141374419395715e-02,-5.324929823599196949e-02,2.266006708296256986e-02,-5.066158202901819285e-01,-2.813609478418383492e-01,6.824033609722125471e-01,1.231946380915264871e+00,-6.235945775990551221e-01,-5.638081787171997372e-02,4.728430326091851987e-01,-5.136933493998389055e-01,-6.543274754726191578e-01,7.336782413161702099e-01,-4.860063558328767130e-02,7.403088408984891122e-02,3.157417297349423557e-01
-3.000559808638075809e-01,8.628884515529855470e-01,-2.139734731637433773e-01,4.273694849770460769e-01,2.938308262710881760e-02,-3.779702336704695576e-01,-1.464600951401933970e-01,-9.725672616823254069e-02,-2.196520816720131664e-01,-2.079540266999457543e-01,3.142740300000885223e-01,-1.567907440965863042e-01,-2.275790509260725569e-01,4.591157180606993404e-01,4.344463557842017098e-01,4.057298620227556274e-01,3.538648568131958494e-01,7.978022905871731685e-02,2.678007164868823065e-02,3.627813621588877324e-01,2.836805577673366385e-01,1.486807561765676744e-02,1.619381228429282726e-01,3.681024087202224293e-01,-2.698841714687724158e-01,-5.262178070941762043e-01,-3.207415247589442409e-01,-6.221011289965767271e-02,-4.032058016730772354e-01,1.393613953818964024e-01,4.566841529603555827e-01,-2.155653957203796378e-01,2.683223264824367016e-01,1.835539967836241348e-01,6.734768506745168748e-02,4.751529979787245117e-01,6.244054672824193158e-02,-4.576713506710831658e-01,3.582747749623817479e-01,-2.651107600733348391e-01,-2.634982146089897420e-02,5.324991270762070572e-01,-6.568279033079711671e-02,3.998418085192685933e-01,-5.356582894094307212e-01,-3.643869142145139128e-01,-3.538641920054106937e-01,2.293342127138472963e-01,-5.286385308560832552e-01,-2.198008955375974627e-01
8.577452825663199609e-02,2.349029602044198084e-01,-3.975533856043219072e-01,5.939220710584274254e-01,-3.304284040146276708e-03,-2.921565784298891244e-01,2.476991719586557061e-01,-2.869185745519229336e-01,9.377709924254262752e-02,-4.732912554464482890e-01,7.789357860050255544e-02,-1.992885607532325076e-01,2.204808622698657405e-01,-1.107060317370276298e-01,1.578715476090834791e-01,-1.279302064968095010e-01,-6.063427029218317749e-02,4.295307636461304091e-01,2.981463125576537254e-01,-4.135803807601984294e-01,1.370242094004859856e-01,-4.394986481196069272e-01,-3.820441075008100817e-01,-1.668586289960699853e-01,2.737218623205829315e-01,9.863627645594834348e-02,1.323983946585660099e-01,-2.459801072163383950e-01,-4.694924629962998752e-01,3.454535464804017186e-01,6.751505713001058895e-02,1.943711666269965074e-03,4.224259930881295033e-01,-4.291387548330874435e-01,-5.051351531720702503e-01,7.629176715201003711e-01,-2.808088875875578982e-01,-2.344843588153885106e-01,-3.767523976313040257e-01,-1.909124180784217695e-01,4.371658430672309970e-01,3.776815335531881201e-01,2.863345356200392988e-01,-2.834377145257970243e-01,-5.207104556421302544e-01,-1.413062738800004159e-01,-1.887533660826541948e-01,1.850606245410003556e-02,5.462214589938138021e-01,1.573807010097663661e-01
-3.321264287471360488e-01,3.061619621019578963e-01,3.168028183622128013e-01,3.467046566810217945e-01,-6.755041992511129356e-01,2.324851608379129853e-01,-1.628277017378001179e-01,-9.976218198037405116e-02,-2.059281671418438375e-01,-1.575745484410950026e-01,-3.721935417523583589e-01,-4.143707616293881291e-01,-4.124238672519869864e-01,5.729711484488092532e-02,-2.810698606414770429e-01,2.826022739294599129e-01,1.361922498972716333e-01,2.871514199394719635e-01,6.315113228318841587e-01,-4.103199792410370250e-01,-5.308296909586137646e-01,2.058371101555936666e-01,-2.537084141312958424e-02,-5.373332829894843510e-01,-3.249473360735631311e-01,-2.866504628994092085e-01,-5.133694754512972969e-01,-2.522741745904341637e-01,2.148846065023123364e-01,-8.717885049847473589e-02,2.753342458519772995e-01,-1.201508225394046225e-02,9.245049444431959959e-03,-5.259341991139550032e-01,-3.179675742988982146e-01,3.513620257690577287e-01,-9.509285633688481509e-02,-1.396754754030933576e-01,3.980365233840931216e-01,-2.761724421944454777e-01,9.100900984112643421e-02,-4.487986480063105854e-01,-1.517541620564905047e-01,-5.285967776476966501e-02,-2.220579790651324714e-01,-4.816947519026502922e-02,-5.422616805777710214e-01,-2.658380160849793672e-01,-9.544062262492408744e-02,-3.556079286398931005e-01
-2.853314183737962195e-01,-2.811188994126596064e-01,3.556012564409380405e-01,2.063849489402541648e-01,-8.082942327674212946e-01,-2.293549717392147635e-01,2.649344465402784232e-01,7.116649167441445323e-03,-8.120398042703501629e-01,-3.117499728268290360e-01,5.149452257271371902e-01,2.277976000822277691e-01,4.450960141052021646e-01,-3.623258738347785446e-01,-3.815580185855300122e-01,-1.932805691954810404e-02,-1.582198442198067267e-01,3.667311455074511173e-01,3.931572741441989871e-01,-1.962140449613942461e-01,1.704077398347177696e-01,1.534276434956614588e-01,3.408378105203630493e-01,1.462368533455078445e-01,-2.824319723964323070e-01,-3.356243392681101945e-01,-1.695899114171439126e-01,-2.068867782382248777e-01,-1.977614099797065927e-01,1.033303370332458171e-01,-3.686571319357306864e-01,6.833466008413177639e-02,1.683589253853864376e-01,-5.080210323373854364e-02,-3.140580838452571022e-02,-2.991868501911958411e-01,1.223713004161485624e-01,3.921564081445722549e-01,5.295742320788645596e-01,-2.456359425410549191e-01,-8.250312585654846764e-02,4.065317693678876100e-04,2.505597114491898147e-01,3.021807324167175568e-01,-4.705738269815619157e-01,6.266591064102992048e-01,-4.051064686787912983e-01,3.386382521540095003e-01,1.481603526982068486e-01,-7.617031740187973909e-02
5.746881715239848809e-01,3.054421401919643064e-01,-8.365829009375257141e-02,-8.492884297699088147e-02,-4.459890718175335556e-01,1.986007174522070318e-01,-1.757918787354327550e-01,-3.341854335103214280e-01,-3.297431440331378139e-01,-4.362515209463525556e-01,8.850462660251880165e-02,-3.494689963032950319e-01,-1.768015562516414840e-01,4.408476121098211381e-02,4.486296211012980040e-01,-1.419238264414292017e-01,-1.553898691300307777e-01,-2.615596725741184403e-01,-5.908451057109097571e-01,3.339283299310984443e-01,1.210527937867197923e-01,2.534456486297889666e-01,1.153582661087971806e-01,1.624511002576160823e-01,2.479882239785753395e-01,2.846839827358653707e-01,-3.767707839350896704e-01,2.384382749655333533e-01,2.039778362566016801e-01,1.958723088195108430e-01,-4.781461937478318491e-01,4.688122727072946971e-01,8.845034983589812605e-02,-3.541247277490581213e-01,-1.620041506400268783e-01,-4.256128806348443566e-02,3.325458904927496850e-01,-3.897403194774921031e-01,-1.368291619556628869e-01,3.692499473979660163e-01,3.185032614405920448e-01,-1.809760888782764032e-01,-4.305602392025736913e-01,-2.978337827620783917e-01,-4.629142703411507909e-01,2.785481016985119629e-01,2.857871884775537441e-01,2.966899101190332844e-01,4.485496097345182953e-01,3.720459792582844205e-01
-1.962149627156586362e-01,-5.004296139084899453e-01,-3.496630446518271818e-01,-1.307139861902170130e-01,2.016296450940185947e-01,-2.913893602818168893e-01,-5.829443283183237678e-01,-8.232023386034231782e-02,4.477073231503014838e-01,1.108002220850539815e-01,2.814039583021949453e-01,2.405447441244657203e-01,1.124168108554017900e-02,3.251970780779472325e-01,-3.810658519018509938e-01,3.594541123854935183e-01,-2.010438085618744819e-01,-6.375305979728883576e-01,-4.828965035008108697e-01,1.966602217064068459e-01,1.627094167486780804e-02,-4.958740736425086837e-01,-4.211597459678415034e-01,4.141885818969524569e-01,-2.622742471252548224e-01,4.728732040318576191e-01,-5.116833235269987457e-01,3.069158329604867452e-01,-5.142401988905570542e-01,2.816431926383698436e-01,8.034924464407342537e-01,3.958949120850289716e-01,-5.017237374985935444e-02,-4.745403855897781242e-01,-1.930752159992245587e-01,3.818164759253702134e-01,-4.155156523397480206e-01,-3.602591470135954599e-01,-2.760661423955830807e-01,2.119451282807521264e-01,-1.325971524936189194e-01,2.435871185940393369e-01,7.127352518669021197e-01,4.716955135969405633e-01,-3.077586287879915394e-01,3.809190324505614123e-01,-6.109881966497394679e-01,-2.301027910255527831e-02,-3.923324980853293842e-01,-4.775955745981729228e-01
-7.128121359813013314e-01,-3.499971920643867862e-01,7.244189451368491239e-01,1.253316773667220163e-01,-5.989407276644324041e-01,1.143261041509301967e-01,6.538661645988461668e-01,-1.374655258109932707e-02,-1.004224488742805788e+00,-2.282384395616922357e-01,-6.876285139998231100e-02,2.192517447815148512e-01,-1.389425595747484921e-01,-4.491706685240644953e-02,1.050556220709849276e-01,-3.505186847407971290e-02,-3.067508205478206573e-01,-6.366963028128881374e-01,9.831812637132325561e-01,4.694023335668895958e-01,-2.925544430205022639e-01,3.125357941437322817e-01,-2.107598045182656477e-01,-2.385018555015484543e-01,4.065813421460815619e-02,-1.926995210923695967e-01,3.893100771918003855e-01,1.918222122759098702e-01,2.651730918274909365e-01,-3.926764290478174657e-01,-2.215034190545235593e-01,1.990333137400768226e-01,8.697231430506562055e-02,-1.020409364099292143e-01,1.019381140492266358e+00,4.151444778976944305e-01,-6.749028075849450303e-01,1.281183913248288165e-03,3.148063503752178138e-01,3.213733374068898918e-01,-4.538601110721343090e-01,-1.868530496684559783e-01,-1.920405251978636596e-01,-2.448477299375046157e-01,2.398236573589312137e-01,-6.460910750634603072e-01,-3.158585812354241379e-02,2.312810705693233715e-01,-5.526136442518781999e-01,2.390278515491144340e-01
1.727576431684186009e-01,-1.479822010691177192e-01,7.816688384443480908e-01,1.523365013502413767e-01,-1.063156499881652561e-01,-3.319455066858146286e-01,3.207149121395316271e-01,-7.744691755896652152e-01,1.814357582482588604e-01,-9.277170510078016630e-01,-3.088892680281023484e-01,-1.121680339177499874e-01,1.207665575238120320e-01,2.381871184555234625e-02,1.773468901807110087e-01,1.028295300139708268e-01,-3.646789714696434537e-01,-5.575326089475127200e-02,3.143261708049042147e-01,-4.326626544729380019e-01,4.219473823312691052e-01,5.592092071980359069e-01,4.902257378188978887e-02,-2.453330106924698217e-01,1.642408401414092167e-01,-1.006798668006066710e-01,6.434283010385983825e-01,1.835752840693278265e-01,-3.791514012345598705e-01,-4.784281026698530143e-02,-5.161452172916567438e-01,-4.114366681174295159e-01,-3.375668572479462726e-01,1.330981963504016263e-01,-2.632275794987808948e-01,-1.771274210167766705e-01,3.192934588698698173e-02,-6.732973189999571506e-01,3.457502797380919146e-01,-3.656477136649791682e-01,-7.025698870903863691e-01,7.385933441393436327e-01,-1.603616044465931978e-01,6.803013193280808835e-02,2.809473942529277513e-01,1.142801527704324777e-01,3.209048325292626624e-01,-2.610432183149470897e-01,3.792569341121387327e-01,6.061205612159492606e-01
-1.655975124822653688e-01,4.439891063755879164e-01,-1.671977950553708847e-01,-1.636320127081686282e-02,-1.192490200793484556e-01,1.150206674883950564e+00,-2.969855054944214087e-03,-5.153576397381746110e-01,3.109987635577549647e-01,-5.258547800441437658e-01,4.295307166834677615e-01,-8.532247642229469076e-01,-4.626267032841863136e-01,3.109750392413708209e-01,1.898855885092146367e-01,4.856817638062768672e-01,-8.382228019505329891e-03,-7.668736898539026819e-03,-2.768248246992301431e-01,1.586215634441636990e-01,6.510618598599440809e-02,3.822262003848410639e-01,-2.891643860579810599e-01,2.420254380359735391e-01,-5.061167903854271177e-01,-1.170896783874541131e-01,-4.032358666863583019e-01,-3.354483802877106235e-01,-2.999174140623603324e-01,2.525662720471841816e-01,4.974390043423348312e-02,-7.962191209235131018e-01,-3.741020209585481093e-01,3.176162922875850336e-01,-5.812489324758834952e-02,1.222048922175132946e-01,-2.077924171826345812e-01,2.355003986964575025e-01,-4.886063375682961341e-01,-1.413010665507920260e-01,2.977940275397368830e-01,3.879519317098037989e-01,1.069434447566868229e+00,-7.747803349699804165e-02,4.803936630740359703e-01,1.407583831813495057e-01,-1.916095492138681355e-01,1.547852917161592345e-01,1.249524613457190791e-01,-3.963106944197744563e-01
5.169457781336800339e-01,5.898520670393798265e-02,8.460025070282900517e-02,2.576579697546611536e-01,-3.390872929467915742e-01,-4.272408545034983018e-01,1.876293384172484091e-01,4.011907257034985075e-01,-8.620778785297958380e-02,-5.841767054805843129e-01,-2.548507361485912587e-02,1.516568558268076850e-01,4.046200374725411053e-01,2.301468131773832249e-01,-5.977195500698411802e-03,2.067043194228108394e-01,-2.150156705817458935e-02,2.167860083601756138e-01,9.856998991539094382e-03,-2.218820356138212213e-01,2.629477882059998994e-01,2.159810590623934268e-01,8.529831428297333928e-02,3.083826079503616535e-01,-1.084837175383825264e-01,-1.141193084840922967e-01,-2.458281544896133985e-01,3.118091744161865519e-01,-3.863743550208942890e-01,5.064549282043339096e-01,-4.000552625300073106e-02,-3.632491059634752606e-01,-2.496076917001140705e-01,2.514096188670080778e-01,-3.081896399732097502e-01,-2.903785603018831929e-01,-2.167845425273507987e-01,1.987850359512212950e-01,-2.839736759390799059e-01,-3.724548518210619719e-01,-2.858413815980715422e-01,1.287712672936434655e-01,-1.701216629052323681e-01,2.256611044983356518e-01,-3.239943791048804367e-01,1.728803292427178451e-01,1.041167023629528537e-01,-7.376820378014950497e-02,4.095610387812679276e-01,-3.875912433081900033e-01
-3.245967780845047668e-01,-2.598114852535287067e-01,-8.592309175545323474e-02,4.493894206024881544e-01,2.718506757975918120e-01,2.320834800543213061e-01,-3.679784288657062530e-01,1.812115401678308368e-01,8.557745117447293492e-02,-4.021777307105164345e-01,-5.824328120985549084e-01,-4.276059599918186072e-01,-3.084075696042720693e-01,-8.029958591459698813e-02,-6.004887816348141588e-02,-1.828290849554941866e-01,-4.096728593546238723e-02,8.172636416476517507e-01,-3.649192009970035344e-01,-4.059013448750733444e-01,-4.872510549400233537e-01,-2.673046063111162232e-02,-1.916562223734515902e-01,-4.519289346927974349e-01,2.964581665640541042e-01,-1.971596394355945581e-01,-1.410598169418027514e-01,2.122291855280160622e-01,1.233735325920860826e-01,9.130498250649143888e-02,-2.325668661038283180e-01,-1.612786979167076806e-01,-2.317243863520673797e-01,-5.595776140286636835e-01,-2.383693044570317776e-01,-6.143690162351393702e-02,1.447464860285585242e-01,-3.976094826498172141e-01,-8.353615934764799245e-02,7.111441377328663570e-03,3.780797184319443782e-01,4.721951013690064286e-02,-3.127781950760852303e-01,-4.488746595731357703e-01,-1.021346681424452063e+00,5.449679144960665328e-02,-2.937598858800806179e-01,4.693348056899058207e-01,-1.588923677642059273e-01,-4.197940242094811425e-01
1.542602657193825610e-01,-1.005517978945743990e-01,-1.037255630763401631e-01,-5.346636307281618095e-01,1.396831413097039121e-01,-1.503674764267279584e-01,1.453682340878935109e-01,1.175042643415943888e-01,4.537353746556675033e-02,3.644793989733389750e-01,-1.351804242609453977e-01,-2.385304836957317653e-01,8.822232415068660405e-01,5.140614231605784568e-01,2.981742511298066667e-01,-3.405363661850120405e-01,-3.544275431670996790e-01,-6.484057051083303991e-01,-4.639129767427528916e-01,2.587843585273810754e-01,-1.749215178249745317e-01,-1.715196689205747416e-01,-1.392351319226027007e-01,-2.268976427283728170e-01,-4.445546299878486707e-01,-6.115715847745643030e-01,2.425935602266389435e-01,-2.983820257285106359e-01,2.114936249789963474e-01,3.553278195965174358e-01,-3.397674686705799973e-01,3.266569679707300167e-01,-2.820267517823451531e-01,-1.973281192331195477e-01,4.291263577379369476e-01,-1.774025719514034927e-01,8.364641852186391890e-01,3.081725931010292907e-01,-2.684225838541802189e-01,-4.889153095652119113e-02,2.487564022572740785e-01,3.848571525821091188e-01,-5.525244972844562952e-01,-1.805691640907335360e-01,-2.362347206693748147e-01,3.718112010631090952e-02,-2.859361871254605392e-01,1.651369677477113052e-01,6.249748026765491460e-01,1.637663044774290422e-01
-8.178262983567385902e-02,8.917653489659300714e-01,1.771219591421029638e-01,2.995847096128080311e-01,2.716494612347445381e-01,1.841205290044707621e-01,3.198040061706486914e-01,-6.112849962612506571e-01,-5.942948025248113719e-01,-5.375004777390384181e-01,-6.395359423307736546e-02,8.819636758110079022e-02,6.784663269836999078e-01,-9.908723917790766833e-02,5.047766568557264799e-01,4.234379831232513713e-01,-1.354113772986021424e-01,-4.232279726508080264e-01,-6.119946672989953762e-02,-1.309692370205323975e-01,-8.801458622943708621e-02,4.588993740654948583e-01,1.649696873095363447e-01,-4.474215306582609020e-01,-9.842868554721501129e-02,-7.540097918922151754e-01,8.468949610435763109e-01,3.281903309460691004e-02,-3.380527217965546005e-01,2.986457136748527641e-01,2.383975677483916866e-01,5.135844468142808372e-01,-1.223773647383292473e-01,7.259793082424355060e-01,2.758630266044586610e-01,3.965770850707211470e-01,5.937859748552795081e-01,5.655607850024556987e-02,-5.020618092206369232e-01,-2.289114432868178395e-01,-4.084675456285459250e-01,7.005427759068021121e-02,-5.979630602794826222e-02,9.847791035300883580e-03,-5.696964795931946934e-02,-2.241989525829418406e-01,-8.864014629287745306e-01,-3.905820783296649196e-02,-9.730339508417998329e-02,2.322394916682626043e-01
5.060336353087113714e-01,-2.676672729207273949e-01,-4.793657489848208164e-01,-2.752120245815121158e-01,-4.545402615568785998e-02,-1.232283484360400666e-01,2.469453163944781982e-01,-3.577481161369526763e-01,-3.129047218885222525e-01,-9.256574293717297897e-01,1.401527820830111015e-01,2.821496186997640016e-02,3.010440994775698612e-02,-5.462904930883455412e-01,-1.688092277502936944e-01,-6.845156703823543527e-03,-5.474858763105976411e-01,-2.727582496399580947e-01,-1.815097266627317130e-01,-3.856117935430395383e-01,-1.915199394652893627e-01,3.191467937815568590e-01,3.657627524970555877e-01,-5.593127319308647399e-02,-3.584264299892956918e-01,2.540434314890664957e-01,7.896131093749927943e-02,-4.738037775543614827e-01,-4.586010348042132007e-02,-1.137746270068503568e-01,-1.728577220756176147e-01,-4.932023006191436076e-01,2.557901103952340827e-01,4.990646058702388199e-01,-2.205886303954949501e-01,4.566893470761688167e-01,-5.258546585428925946e-01,2.351794828488317501e-01,-1.728691218006847274e-01,1.155282326151075845e-01,-6.665557104138361902e-03,-5.236775766115870923e-01,-3.537098706627265221e-01,2.875222758012397350e-01,3.201852391464359293e-01,-2.985976153422516544e-01,6.783394055764543351e-01,-7.238881480364871557e-01,-2.134492120583282582e-01,-1.077655384403545386e-01
4.388202971063452640e-02,-4.441308150270705801e-01,-2.274348378096384682e-01,3.776721983916832004e-01,-2.283857848889494224e-01,-4.475238077118413593e-01,7.286664526098246553e-01,2.881616556752604752e-01,2.519837513652451941e-02,-1.729870192705523224e-01,3.278213686801603188e-01,-8.828944845207763181e-03,-3.814431867346420590e-01,1.756003613311828415e-01,4.765257257853550837e-02,-7.577453723197234703e-02,3.054204841804556425e-01,1.018854224481502146e-01,-3.328376223309063020e-01,-2.518706180078061907e-01,-5.386951494092848680e-01,1.482551020511963524e-01,4.241103211855115629e-01,-1.556097382069422108e-01,-3.762920826718553768e-01,-1.457446394856279359e-02,3.389810664796922279e-01,1.158304287104253427e-01,-4.697656850879806112e-01,2.976319432682215105e-01,6.749493008423490537e-01,3.152290217818770057e-01,-5.455153652316578616e-02,-2.875349249092882253e-01,2.693996395401975635e-03,-3.571286383838161993e-01,-2.203708912194135561e-01,-3.820451650694104556e-02,-2.069868110422422303e-01,-1.022535357416908403e-01,2.854616612105676521e-01,1.645175349757913852e-01,4.019864366240192832e-01,1.344252668233865133e-01,-1.515609017302965711e-01,-3.226172963024329099e-01,-1.552486506450220100e-02,4.803182745703126200e-01,2.641743096177788519e-02,1.581316954737421454e-01
-6.458387033240848840e-01,2.339731566367970195e-01,8.855991628323031661e-02,-2.929866065598055735e-01,-8.720606927655150109e-01,2.647786555287681698e-01,-1.400776056356337618e-01,2.048098982725896355e-01,1.792029257828688105e-01,1.513397541568426985e-01,-2.581424327733715107e-01,4.816477143566220143e-01,-1.315828309550501618e-01,4.211483941456359292e-01,4.089456639447450748e-01,-3.682810532882611065e-01,4.910421629451962588e-01,4.461416480974126908e-01,-6.995804660090604310e-01,2.332971499981808805e-01,-2.708496305109162616e-01,-4.978867129657363888e-01,-4.411880215973654762e-01,-3.546201225977259619e-01,-8.018529452563279147e-02,-4.474359228316877601e-01,6.915082804485991330e-01,-1.097029849058736156e-01,2.977807257809141905e-01,-5.083309254125657484e-01,4.580986565718792036e-02,3.621915425391660781e-01,3.391138741629133868e-01,-4.774233396844465016e-01,-9.351655017622828581e-02,3.590979531100327304e-01,-8.906148293164676266e-01,-2.425745313947414161e-01,-5.674376709573816235e-01,8.458072354091686340e-02,-3.795016017437407574e-01,-5.444758572247187199e-04,2.494392008969793795e-01,4.465521696989793177e-01,-1.016663133434017458e-01,1.240263919468900244e-01,2.601095780585771511e-01,-3.693979323938716419e-01,-2.281140581180345628e-01,1.963185320039867801e-02
1.104501981653775999e-01,3.983119077700217336e-01,4.498363486211375828e-01,-5.005807450684337523e-01,-7.086313165130972425e-02,-3.316025673163345289e-01,-7.446030385597082746e-02,1.970176143854986683e-01,5.451052198389265413e-02,-3.484446945329410239e-01,2.041941088073640220e-01,3.139171303156127468e-01,3.246409923116502227e-01,3.465099442130197827e-01,-2.295834063988639040e-01,-2.204036170130714012e-01,-1.538092154605485429e-01,-2.362783393773333074e-01,1.155498199789414815e-01,-1.911073381113123637e-01,3.015286126652590992e-01,7.614270139225146408e-03,-8.467186369650300803e-02,6.265257220060280186e-02,-4.345922273002872926e-01,-8.117469376291641669e-02,-2.767500975759604742e-01,2.289974137381831920e-01,-1.958531220934286166e-01,-6.119460830424389153e-02,-2.875244820524882616e-01,-1.722244818736188010e-01,4.995534520478748242e-01,2.603510753538794686e-01,-3.475615900505713562e-01,-3.008114196313704802e-01,3.042477228784274401e-01,8.636965322407453086e-03,-9.120924410857930709e-02,-1.890428553218935215e-01,-1.077511698442804033e-01,2.568063726116239648e-02,-1.683983615184765081e-01,-2.276391702377486559e-01,-7.338897823629717543e-01,5.970571330032894281e-02,-2.021479224021348609e-01,2.222489077380715439e-01,-4.373482145467800786e-01,-4.211115894242767888e-01
-3.287078261584456818e-01,7.809053955592905050e-01,8.353822053540708170e-01,1.533689315276966225e-01,-4.265023718757926519e-01,2.900544490427782729e-01,-1.626702969202155000e-02,-2.018607246592120097e-01,-1.104644496882962734e-01,1.590452185352490277e-01,1.337250041301504822e-02,4.264883559031997229e-01,2.493581648240997817e-01,-2.965568926691461993e-01,-2.706317104751063130e-01,1.828224478438340850e-02,3.124605187118648653e-01,-4.746234253292999083e-01,2.025089393867652784e-02,1.993972171422524198e-01,2.687855141473731099e-02,4.689075457034285743e-01,3.528152258820306808e-01,-4.722600628934616740e-01,-2.123420614887525371e-01,-4.652522120685962936e-01,-4.035172616498555187e-01,-1.128441378708712611e-01,1.010531348922388134e-01,-1.375077952420634686e-01,5.626267485493239295e-01,-3.878518199493855567e-01,3.001743785202848694e-02,2.591343305860970281e-01,-4.545898297124905119e-01,-7.597530232350753199e-01,5.841239984443421518e-01,-3.671195593544015479e-01,-4.857506366286815647e-01,-5.415787315805951907e-02,-4.550673998869103620e-01,-1.218969668291256248e-01,-4.052704936017161308e-01,-5.101297350904191452e-01,3.941727149496018767e-01,-3.256149529363368544e-01,6.571997054074476541e-01,-1.691230580271109452e-01,2.342185442885181268e-01,-1.688417084625166709e-01
-9.798984524755806336e-02,3.823243180715039102e-01,-3.307093983546209870e-01,-2.829337524820238481e-01,1.017568543740429571e-01,-2.477476659218717514e-01,3.327724810982699705e-02,2.505530270976820129e-01,-1.539352187567394857e-02,-8.643436764174302622e-01,1.901395426362571250e-01,1.850911875569803411e-01,-3.541027108415594760e-01,-5.902761018291842465e-02,-5.127358527938067484e-02,-1.968667743342442378e-01,-2.183171319205157446e-01,-4.636338797394298217e-01,-2.353442230824276393e-01,4.823514276617930641e-01,-4.852871710369353608e-01,2.789630083287388818e-01,3.741939377356302554e-01,4.288131491898834469e-01,3.159015446225664214e-01,4.516110980346273451e-01,5.767085228907379291e-01,7.668602307417637931e-02,-5.453046743724382361e-01,2.445504883714784972e-01,-3.822101114471994632e-01,2.923322765894666997e-01,-3.900874551410694613e-01,-5.190738682841562757e-02,4.259680362772867435e-01,-3.996309082910749488e-01,-9.075765229032339843e-02,2.347923559034676977e-01,2.457347031622581224e-01,-4.373171324777687108e-01,2.440325235480854116e-01,5.359294235743163048e-02,-4.477925008930175865e-01,-4.096817163541708329e-01,3.714705740823776026e-01,2.556205149116491659e-01,-1.946769765252346629e-01,2.908234662897401512e-01,4.844194683251011324e-01,2.167129299251607799e-01
-7.329266808501611226e-03,6.289053829147187580e-01,-3.262098845315862805e-01,-4.203493562653200510e-01,-4.744054022459160969e-01,-6.610688368773127710e-01,-5.623683851362361319e-02,-4.755297754015546108e-01,9.049893143833568354e-01,-8.059226478090679713e-01,2.443295953655394981e-01,-1.443992181310402856e-01,-5.667963302619823951e-01,-2.724288599367061248e-01,-5.822634683635695939e-03,-1.595619847302390815e-01,2.385817223155408950e-01,-5.087667948061372902e-01,8.230720703312577324e-02,3.600078274801727929e-01,-5.277227578737193614e-01,-4.999998470050379118e-02,8.279499621078462157e-02,1.515098111847104634e-01,-1.591170977061936442e-01,-1.014075877817055549e-01,3.672522498455511875e-02,6.678099124758553329e-02,2.385278575816317248e-01,-6.376451391404533431e-02,-2.751986024388177743e-01,3.052164407097367471e-01,7.305666567897849129e-02,-7.696232370803604006e-01,5.634443840339494608e-02,2.692418496381735471e-01,-3.295727638038989382e-01,2.979537479468236660e-01,-4.244812224900403330e-01,7.908882580507116122e-01,-1.365086337508931713e-01,-8.319786252587450803e-02,1.998625367889601823e-01,-2.285324144024392656e-01,-2.805291500560671558e-01,4.824203697199546670e-01,1.126150279801378801e-01,1.881632726066540711e-03,-5.884316538233772542e-01,-6.733578969934701508e-01
-7.651285247894477060e-01,-2.970545078374515757e-01,1.281586613758186888e-01,3.323025598396407987e-01,-2.653476342633436236e-01,3.654090036469239688e-01,-2.853148660250597879e-01,-2.153250669332970324e-01,-2.930173027355727489e-01,-6.954255887963070037e-01,3.712980614676791857e-01,-2.380300731881857673e-02,2.981702850607557687e-01,1.520810384091224841e-02,3.540004407903362682e-01,-2.360294039487694506e-01,2.293433547952213880e-01,2.057920487290101075e-01,-4.321504989049019217e-03,-2.195868272826635159e-01,7.080885562219095819e-01,4.529474203569359980e-02,3.329025451479774023e-01,-1.746493519398169270e-01,1.898090739905301250e-01,-7.331113876008320540e-01,-1.043383791323725801e-01,-1.914523966140711242e-01,6.664634165864478099e-01,3.535218038044261046e-01,-3.058597554352172621e-01,-3.675610515945337831e-01,2.007852456994332346e-01,-2.534191680142450775e-01,5.270555335785984674e-01,4.017632716750813571e-01,9.581478451954332509e-02,4.762699778788967442e-01,-1.581188480224857973e-01,-4.326792407219798298e-01,-3.464281926842474602e-01,-2.512049599374711201e-02,-3.950193469163622018e-01,1.490625354555869808e-01,5.016313073651352816e-01,-1.369755065559858098e-01,-7.954620984971605066e-03,4.121994214706775628e-01,1.785389686349087013e-01,-3.503516083344083154e-01
-4.763183154738294123e-01,1.141936627624225015e-01,-4.187462761793539490e-01,3.040073546599342952e-02,-6.094146393523270505e-02,2.459915119448298493e-01,4.469826910658191155e-01,-7.121958205051609481e-02,-2.692216150329354019e-01,-6.758788797419686967e-01,4.526935844008354581e-01,5.326525661251904631e-02,-2.270635297944718078e-01,-3.928478331294133485e-01,5.031188689415515558e-01,6.795989611476080383e-03,-1.553170655384730481e-01,-3.039476076525078896e-01,1.832741973518969281e-01,-1.718574086958425673e-01,2.934977232001807421e-02,3.634028177326850684e-01,2.451073686561601461e-01,-1.601735465750850906e-01,-3.142180431224409487e-01,2.339463769551877736e-01,6.266639876067549297e-02,-2.883847194129231517e-01,1.325670433929575509e-01,1.091877218841273978e-01,1.528543613243338040e-01,-5.120478094507759925e-01,3.296226445613781864e-01,6.385007978585664767e-02,-2.468158479074895016e-03,9.165013141638773952e-02,-8.469277081527368939e-03,3.660620957955534327e-01,-2.759599852657633121e-02,-3.149643627377625710e-01,-4.713898074483409695e-01,-3.625687618892003972e-01,-3.960581948279266462e-01,1.575005962078463162e-01,-6.163392315930822374e-01,4.022182709653068233e-01,3.894066506024917128e-04,3.006602385326369031e-01,3.897797672152553683e-01,-3.099088317006724602e-01
-1.939446711170201565e-01,5.975812923369190344e-01,2.261107508718934733e-01,9.356730014180116017e-02,2.303114895170565307e-02,-4.748769626200889382e-01,-4.932378721954680523e-02,-2.951787094081703144e-01,8.528197976214896281e-02,-6.308719662859620936e-01,-5.844656490918510860e-03,-1.632094303323810280e-01,-3.426124176230190277e-01,-4.548532610210614946e-01,5.240863263731959654e-02,-4.106405151419455501e-01,-7.434629812323493084e-03,-5.838953240812670975e-01,-4.761799163321141504e-01,-1.722256243724380464e-01,-2.148178138679123772e-01,1.218899165262216089e-01,4.510491571763711738e-01,2.580323271513775274e-01,-4.017808383821449558e-01,-2.182869457579180994e-01,-4.572010304873450615e-01,-4.820166412802915912e-01,-2.979204966900428353e-01,6.893332369045013230e-02,1.863255160976160785e-01,2.631523161368198860e-01,1.285685214968187162e-01,-5.282027101926439761e-01,4.192113282483883596e-02,2.107527467064077564e-01,1.794584077869446070e-01,-1.544932384845387752e-01,-5.148686556039155926e-01,-4.515289895120965652e-02,-2.356420747061251098e-01,-4.249619519737553031e-01,-7.714447345330598116e-02,-6.999223416412117538e-02,-3.127802162077916170e-01,2.047470191715898280e-01,-3.214899530818108864e-01,1.005088538020132566e-01,1.393867990946468793e-01,3.444178340254872017e-01
5.503729104663257488e-01,-2.513111267388683512e-01,9.919977411985317906e-01,-2.295668200116035285e-01,-3.759542023198718663e-01,2.654151150014101290e-01,4.078469016226854427e-01,-3.208925131929156738e-01,-4.870246092147117456e-01,3.190209780976203113e-01,-2.334259210994712730e-01,-3.576416626498014062e-01,4.595641682501031000e-01,-1.759015115044497979e-01,-5.646528072778039808e-02,2.181922438877555159e-01,2.842116528638299888e-01,-8.600394869608139758e-02,9.728629210760461610e-02,-3.789332683535228674e-01,-3.083834554675085517e-03,5.116298115744010166e-01,-2.043946089708244540e-01,-4.586858282614137972e-01,5.605762873294768411e-01,-2.403051589654523756e-01,7.305556625571266727e-01,2.635154308818782876e-01,-1.059407395951021541e-01,-5.062399561024246708e-01,-9.527859296801867439e-02,1.273843895549409827e-02,2.192784963319965863e-02,2.743267300150331045e-01,9.421021041425977627e-01,-4.092963415241185343e-01,-3.431700709529774684e-01,2.306304163189817347e-01,1.974787314953921902e-01,5.002966503043568824e-01,-1.305097584696785773e-01,-4.645106689939554334e-01,4.586162565687842418e-01,4.564867656928237039e-01,-9.707189085082909008e-01,-4.208648294693775882e-01,-8.621443967659306318e-02,4.196039522260661125e-01,-2.736089400349541179e-01,-2.119868764871042088e-01
-9.354298360845715310e-01,-5.755376842461924075e-02,7.029876485049755264e-01,-5.563293505198130262e-01,8.235737550538337892e-01,6.390660047499100438e-01,-1.667280681474055809e-02,5.793840200385548256e-01,3.773772570379376745e-01,-1.531661771544826356e-01,-4.165751952799125191e-02,-8.474054962915381628e-01,-5.613445065390422206e-01,-6.838459117864621739e-02,3.437437768041961550e-01,3.056384296998730932e-01,9.516933401318897201e-02,-6.999723621490236414e-02,-5.007619890767854853e-01,-1.865989196387035365e-01,1.182732826909458634e-01,1.926892706156946300e-02,1.513568971431569210e-01,1.732883700123319382e-01,4.815813325591331573e-01,6.032983070714570406e-01,5.869242793273070358e-02,-2.895027519333435648e-02,5.500785501908865560e-02,-1.762790069951974958e-01,-3.246066908971395049e-01,-3.609123244894206217e-01,7.198689726376079623e-01,-1.765725701695209648e-01,-1.104135761598691090e+00,-5.681399722034699007e-01,4.249454019406219418e-02,-8.331725100374035020e-02,-4.344756729494088088e-01,-6.725821369712473574e-01,2.846241638842071930e-01,-4.454965305844261203e-01,2.208954597424479527e-01,-5.429668773136497872e-01,1.979743406375500114e-01,4.172272581665423807e-01,-3.615008017619593117e-01,2.291308799173607524e-01,3.964874060346868512e-01,6.049480215229576796e-01
3.150363409382281876e-01,1.138480432485429850e+00,9.581627598907656307e-02,2.165825959087318842e-01,4.556946943439566522e-01,-5.114489069386304321e-01,-2.412832870153316933e-01,-1.290784839928512950e-01,4.259648223224455910e-01,-1.453746658279621295e-01,-1.203536996997339459e-01,-6.710999540517638140e-01,-5.444360704282852348e-01,4.539351565043872050e-01,-4.596005617354306794e-01,-6.310815929740383468e-02,4.394083541189904296e-01,-3.343035457644130681e-01,-1.281247476416708386e-01,-1.188992917441121649e-01,-3.592456739361016282e-01,-4.756107335704357619e-01,3.493569710974565590e-01,-4.384851499125692054e-01,-5.147472080604348355e-01,6.344792339389060398e-01,4.994598921683854886e-01,1.055813311768805524e-01,3.922937495721951495e-01,-1.250745338393804418e-01,-1.268363312987595692e-01,2.545926298164756241e-01,-2.227080988999406708e-01,-9.373409831035506290e-01,-1.884319142887946330e-01,1.236557693204057562e-01,-3.366761331656639156e-01,-3.130066931032750577e-01,-4.672959309924530347e-01,-1.251738082377365224e-01,-1.628864666169886066e-01,-5.256600135438312948e-01,-2.148125712454858616e-01,-2.919769634945724168e-01,3.882146577082827843e-01,-3.014690282881742900e-01,3.176452374125622868e-01,-9.729495689098012212e-01,-5.647292570951593094e-01,-6.462291503058392728e-01
3.460376573621990470e-01,-2.245676426346536469e-01,-3.183451164459601967e-01,3.855044880071082369e-01,-6.314808014627577570e-01,7.230862860324142882e-02,-2.461273510257037112e-01,-4.756562928466595008e-01,9.434418081824806623e-02,-3.647310214978023990e-01,2.797386883871058050e-01,1.702623191248434364e-01,4.140929683092304248e-01,4.934991052233900222e-01,1.922935655707085773e-02,-2.893101582395086191e-01,1.334859413358985558e-01,-4.583984308368465044e-01,-2.902661007184805242e-01,2.188426137527658411e-01,-2.911191779122787038e-01,-4.742345834014383144e-02,1.711792757308260304e-01,-2.525644431443460625e-01,2.924932044618039351e-01,5.594341579145453158e-01,4.890158309175769435e-01,4.026490473858178598e-01,-2.310146459440582389e-01,3.847383769812658949e-01,-4.034679840960788133e-01,6.932775423493736655e-02,-4.734925265934112337e-01,-3.297709885122481616e-02,1.225464242465549719e-01,-5.268675322949079032e-01,3.982148600525944881e-01,-8.441166938382945947e-03,-1.478823371295611977e-01,4.100907404175893056e-01,-4.812560740158333128e-01,-3.469608527049499735e-01,-3.241616314071121274e-01,4.229714874761582588e-01,-4.928959337101018190e-01,2.417786284317471612e-01,-5.328923163582253153e-01,5.567468872177888661e-01,4.193003712595650967e-01,3.296617806392971861e-01
6.507477271006801844e-01,-5.503510900957380575e-02,-3.182227179804876238e-01,-4.835363732920396340e-01,1.720738205254191411e-01,4.626633522605234639e-01,1.294599396655352896e-01,3.158240669678819557e-01,-2.064058046775383293e-01,-4.861106959142638129e-01,-5.178684914283355756e-01,1.044603047534516271e+00,-3.895094505725855694e-01,2.827191140335533204e-01,2.906017472478292785e-01,-6.138904608491370096e-01,-4.701433688503021679e-01,3.946729433408223686e-01,4.211357883590966661e-02,9.667766531158340781e-03,-2.050569404093658121e-01,-4.837499935076219337e-01,3.277977552533155592e-01,-2.048617802451715431e-01,-1.281342381967297828e-01,-3.799559433214068083e-01,5.039760421588272976e-01,-2.435172482660912519e-01,-9.033900035585019916e-02,3.356278358154496377e-01,-1.481641830145688510e-01,-2.813185685293138616e-01,1.246518445213135873e-01,-1.885187439547007793e-01,1.165222783173401749e-01,5.666915763590283373e-01,2.976512027838081886e-01,-6.147917972572953804e-01,-1.993083860105509253e-01,7.735005273205881882e-02,3.851781617606048203e-02,-2.854518119156733702e-01,-3.984071014190201376e-01,3.801625117971634826e-01,1.273306833282205064e-01,4.920482670775995215e-01,-1.337501151299556185e-02,-2.077375964582143797e-01,4.771890868452308698e-01,-8.623037013417117480e-02
6.733409381112989700e-02,4.845984172737651252e-01,1.687397284267603825e-01,-4.354235789622981079e-01,4.506257650497113576e-01,-9.091229075385530434e-02,-3.305559748382632113e-01,-5.495388876010192103e-01,2.805830478803141848e-01,-1.298379491820577936e-01,3.285546103768427484e-01,-4.519488554797799207e-01,4.325443884363635028e-01,-2.327004319115312247e-01,-6.342368327380891735e-01,2.198188757288714879e-01,-5.512107026562017564e-01,4.178374631020239510e-02,-2.878338947542044002e-01,4.506831693823146190e-01,4.116310223707005944e-01,-6.182215071608002654e-01,-3.801612569863777047e-01,4.446987573829245810e-01,5.282059610297005180e-03,3.220878344847122876e-01,-1.790022715147672194e-01,7.460941383260988324e-01,-1.998659177793619610e-02,-5.472627803712954986e-01,2.495881734777665242e-02,-2.634073687297295296e-01,-4.585578843712045244e-02,1.639626770382463794e-01,-2.925807522450067644e-02,-6.044935661054754439e-01,-5.115478785037109732e-01,-1.155179429173344707e-01,-5.910644224935030638e-02,-3.987883712259374103e-01,1.206046768795986934e-01,-2.057641429275984535e-01,-4.952470568970506193e-01,1.155379387839248623e-01,-8.812885081487138450e-01,9.815512983728742757e-02,-7.228152162670388459e-02,-2.268779466334438014e-02,7.760963092680984721e-01,9.985522228970074021e-01
1.767621548815624943e-01,1.987935677464809370e-01,-1.991625244320552046e-01,-1.135744220160696087e-02,-2.279306961491209815e-01,-2.345793685761662084e-01,-2.433720147793026756e-01,2.808182459012434906e-01,2.037662088957268025e-01,-3.649455795137317993e-01,5.434047996330240715e-02,-5.323140156961371494e-02,2.958195752132409817e-01,-1.040412891926759120e-01,-3.318305792123772413e-01,-4.552758900267417919e-01,2.163810286996503685e-01,-3.642137549625931170e-01,2.959581509587774217e-01,3.849700010541047823e-01,-4.468925909766188059e-02,4.958245365721427600e-01,-3.802529657037372890e-01,2.921676061757763065e-01,-4.506565331896197901e-02,1.721601281686966078e-01,4.878918481556943944e-03,2.850865092856629257e-01,-2.011698595458649361e-02,-4.453180408333373141e-01,-2.393800020456071306e-02,9.431549387821615282e-02,-2.540446181246113211e-01,4.029628025206511976e-01,-2.463235196867499810e-01,-6.024211870295219373e-02,-3.529774633468342748e-01,-1.588393687184478376e-01,-7.202281438080146425e-02,-1.797554490866667687e-01,-5.220896467090408999e-01,-2.748957423567450209e-01,-4.131325738304577611e-01,2.568390069889461835e-01,-6.827356105362256677e-01,-4.863651713212397976e-01,4.118974362312013415e-01,3.807421946009558744e-01,-2.878783176359824281e-01,-2.561986072749738996e-02
4.158128826378920673e-02,1.312107442306338356e-01,-1.907774623094506405e-01,8.056662255440607545e-01,-2.629876069584755061e-01,-1.579008334554770354e-01,-2.540686667958017009e-01,3.026751846024793302e-01,3.079544783789704421e-01,-4.341856954372815269e-01,1.963580349817858062e-01,-4.519760371025917101e-01,3.209398192200022537e-01,2.030219356926082352e-01,3.327264863063673639e-01,3.050758903874041250e-01,2.448898874748400289e-01,-3.077595000916246160e-01,3.429941842010366670e-01,1.173774885327262402e-01,6.270362367119546032e-02,-2.116418393831471512e-01,-6.965720944848924345e-02,-5.673513751543429739e-01,-3.234273764354287373e-01,-1.692810894756743567e-01,-7.843402541792633687e-02,3.241858092573000061e-01,1.651653816180287671e-01,-1.678024220547074119e-01,3.867904330511204303e-01,-2.532726578849739951e-01,1.744648704808460238e-01,-1.733365713666763508e-01,1.911233147006831945e-01,2.410262736299266795e-01,7.669169401806481823e-02,-7.167706739496587653e-02,1.023908869307518926e-01,-4.384888952622512798e-02,-6.997082500145562767e-02,3.388466789019625169e-01,-1.938519073719460195e-01,1.618914685211164384e-01,-3.738199108359780420e-01,1.013440434922571326e-01,-1.249714975924954702e-01,-1.660037704453961802e-02,-4.347727223198374347e-01,-4.528785224111150226e-02
3.727887079379639257e-01,-1.319516846624300133e-01,5.635307486077894001e-01,3.722170034149647200e-01,5.226339729203763884e-01,4.582745852964875688e-02,-9.413458159427887106e-02,-2.488808111268035750e-01,1.360910512110814763e-01,-2.104068287213288757e-01,-3.786913897163490250e-01,-4.591713867671288196e-01,1.641255367896014006e-01,3.711142125679008363e-01,-2.665809461788420931e-01,1.206758910180069921e-01,-4.734411057666049749e-01,-1.668672671763020976e-01,5.962259633505474499e-01,2.350124762346403329e-01,-2.366356043759163252e-01,-2.579626445356043019e-01,-3.137661911178172280e-01,-4.234255807459721410e-01,1.627626747870922486e-01,-3.978367954384780525e-01,-4.282831350065678944e-01,2.879581001953616659e-01,-1.688022174585877833e-01,2.639043598358428722e-01,-4.576634894353375227e-01,3.529271856081325764e-02,4.056027118140949073e-01,-2.509987594265151722e-01,3.532799818834428396e-01,2.765309544930603103e-01,-1.387077125914514542e-01,-1.322761481863898025e-01,-1.916968426539170378e-01,-3.066932454782619333e-01,-3.998043052350448434e-01,3.937187105680727273e-01,-7.463990613324485990e-01,-2.895309769526594468e-01,-7.147896268781407381e-01,2.443204418770084374e-01,3.153011856050576961e-02,-1.666953964040802094e-01,-1.765867467442543970e-01,-9.078616041843244611e-02
1.285724469489002153e-01,5.563948621149721330e-01,-1.939520756168598148e-01,-4.620274149376247252e-01,-3.667022578103020236e-01,-9.782894187793966800e-02,2.039814538936430277e-01,-3.612591513464020743e-01,-1.535219579068305695e-01,-1.002543926073665270e+00,-4.178962250026094782e-01,-1.499676198374130451e-02,2.771749134617737531e-01,-3.236447704654632496e-01,-4.153539040340565314e-01,-2.097012001050111707e-01,3.057494691872964521e-01,-1.390083139220235353e-01,2.412421117376628010e-01,6.981647127127511843e-02,1.261148748708889634e-02,-2.898857766804768810e-02,-3.799658721566256947e-01,1.555592000918593620e-01,-3.220418734158330132e-01,-3.752431106352610013e-01,-3.472626326595789625e-01,-4.282972240887415460e-01,1.683151424893956360e-01,2.207516194824236944e-01,3.180202065534995515e-01,1.059587737127904855e-01,9.051668508856325346e-02,-2.612393229662000188e-02,-1.692759789907191115e-01,-2.558409246142155369e-01,-1.412624434650648630e-01,3.737854277721980312e-01,5.205871488403452929e-01,-3.256172824686660583e-01,-3.980762717755702562e-01,-3.067600719804803311e-01,8.294016611389684046e-01,-6.930727688278631726e-02,-4.645441513548853596e-01,-1.484196471894730918e-01,-1.917503463818414355e-01,3.211300830352180058e-01,9.589367544109152208e-02,2.538387675805152122e-01
